PlayerName,Timestamp,Message
notpantherr,2025-06-18T00:49:16Z,@amk
notpantherr,2025-06-18T00:54:30Z,amk
notpantherr,2025-06-18T00:58:32Z,amk
notpantherr,2025-06-18T01:04:08Z,aq
ayd1ndemir1ci,2025-06-18T01:11:18Z,aq
ayd1ndemir1ci,2025-06-18T01:13:02Z,aq
ayd1ndemir1ci,2025-06-18T01:13:03Z,aq
ayd1ndemir1ci,2025-06-18T01:13:03Z,aq
ayd1ndemir1ci,2025-06-18T01:14:16Z,aq
ayd1ndem1irci,2025-06-18T01:32:27Z,amcık
ayd1ndem1irci,2025-06-18T01:32:44Z,amcık mısın
ayd1ndem1irci,2025-06-18T01:32:49Z,amcık-mısın
ayd1ndem1irci,2025-06-18T01:32:54Z,amcık mısın
ayd1ndem1irci,2025-06-18T01:33:04Z,senin ananı sikyim
